Name,Rarity,Special,Gear Slots,Set,·,Boarder,Rushers,Gunner,Science,Defender,Repairer,·,HP,ATK,RPR,ABL,PLT,ENG,SCI,WPN,FR,Walk,Run,Training
Admiral Snek,(Legendary),Healing Rain,"Leg, Accessory",,,55,0,35,88,72,86,,10,1.6,3,10,9,9,28,9,40,1,2,110
AQ,(Legendary),Gas,"Leg, Weapon",,,86,0,47,43,83,61,,12,2.9,2.7,8,15,15,14,15,70,1,2,110
Brightvoid Vector,(Legendary),Gas,"Weapon, Accessory",,,77,0,12,12,69,25,,10,2.6,0.4,9,6,12,3,3,0,2,2,110
C.P.U.,(Legendary),Stasis Shield,"Body, Accessory",,,67,0,27,74,77,87,,12,2.2,3,480,12,9,25,8,40,1,2,110
Cyber Duck,(Legendary),Rush,"Weapon, Accessory",,,74,91,72,100,83,65,,14,1.2,1.2,50,12,22,27,17,100,2,3,110
Dracorpse,(Legendary),Gas,"Weapon, Accessory",,,95,0,5,5,83,28,,14,3,0,7,0,0,0,0,1,1,1,110
Ember Empress,(Legendary),Firewalk,"Body, Weapon",,,69,0,0,0,0,0,,12,3.2,0.4,60,8,8,6,8,100,1,2,110
Eva,(Legendary),Urgent Repair,"Weapon, Accessory",,,79,0,41,40,83,62,,14,2.8,2.5,5,8,27,12,12,6,1,2,110
Galactic Alchemist,(Legendary),Arson,"Head, Accessory",,,100,0,52,86,76,61,,12,2,2,1000,12,14,29,17,100,1,2,110
Galactic Snow Maiden,(Legendary),Freeze,"Head, Weapon",,,67,0,91,62,80,39,,9,3.2,2.5,300,18,17,16,26,0,1,2,110
Galactic Sprite,(Legendary),Freeze,"Weapon, Accessory",,,85,0,48,84,97,91,,13,1.5,3.3,320,9,28,23,10,40,3,3,110
Galactic Succubus,(Legendary),Rush,"Weapon, Accessory",,,64,95,100,22,75,36,,11,3,0,50,3,3,0,27,100,2,2,110
King Dong,(Legendary),First Aid,"Weapon, Accessory",,,88,0,39,36,91,68,,14,2.9,1.6,10,9,9,9,10,20,1,2,110
King Sejong the Great,(Legendary),Urgent Repair,"Weapon, Accessory",,,72,0,35,83,81,100,,13,1.8,3.5,14,9,8,26,9,70,1,3,110
Legatus Abel,(Legendary),Bloodlust,"Leg, Weapon",,,68,0,67,27,76,52,,12,2.6,1.4,400,8,11,8,22,70,1,2,110
Lilith,(Legendary),Critical Strike,"Weapon, Accessory",,,86,0,99,64,97,51,,12,3.2,2,12,18,12,14,26,30,1,2,110
Magellan,(Legendary),First Aid,"Weapon, Accessory",,,80,0,83,43,89,72,,13,1.2,2.4,13,9,9,11,25,0,1,2,110
Mitto,(Legendary),Bloodlust,"Body, Weapon",,,58,0,80,34,69,33,,10,3,1,360,10,13,11,27,20,1,2,110
Nezha,(Legendary),Bloodlust,"Head, Accessory",,,59,0,57,57,70,52,,10,3.5,2.8,600,12,19,19,19,60,1,2,110
Paralympic God,(Legendary),Rush,"Weapon, Accessory",,,51,99,84,83,61,38,,9,2.2,2.1,55,21,21,21,21,6,1,2,110
Pinkzilla,(Legendary),Firewalk,"Weapon, Accessory",,,68,0,0,0,0,0,,12,2.5,1.4,40,9,9,9,10,100,1,2,110
Professor Brenda,(Legendary),Gas,"Head, Weapon",,,79,0,61,60,80,48,,11,3.2,2.5,7,19,20,20,20,12,1,2,110
Reaper,(Legendary),Critical Strike,"Weapon, Accessory",,,85,0,43,56,90,43,,12,3.2,1.5,11,0,18,12,7,0,1,2,110
SCV,(Legendary),Critical Strike,"Weapon, Accessory",,,82,0,79,87,92,48,,12,3,2,9,8,21,24,21,6,1,2,110
Silver Paladin,(Legendary),Ultra Dismantle,"Head, Weapon",,,69,0,49,37,73,74,,11,3.3,3.1,6,22,15,12,16,30,1,2,110
TechBarr the Unwashed,(Legendary),Stasis Shield,"Weapon, Accessory",,,78,0,67,5,82,62,,14,2,0.8,320,0,0,0,22,100,1,1,110
The Conjoint Archon,(Legendary),Stasis Shield,"Body, Accessory",,,69,0,70,69,79,60,,12,3,2.6,320,18,23,23,23,30,1,3,110
Universe Will,(Legendary),Phase Shift,"Leg, Weapon",,,75,0,22,27,78,39,,13,3.3,0,420,9,8,8,6,70,2,3,110
Willy,(Legendary),Urgent Repair,"Weapon, Accessory",,,63,0,65,65,75,67,,11,2.9,2.7,5,19,18,21,21,80,2,2,110
Alley Cat Zombie,(Special),Critical Strike,"Leg, Weapon",,,78,0,60,60,85,28,,9,3.3,1.1,17,7,10,10,10,1,1,2,100
Altair,(Special),Gas,"Head, Accessory",,,72,0,46,48,72,44,,10,2.5,2.8,7,19,12,16,15,0,1,3,100
Angry Squid,(Special),Critical Strike,Weapon,,,94,0,61,63,98,54,,14,2.4,2,11,12,13,14,13,0,1,2,100
Area51 Alien,(Special),System Hack,"Body, Weapon",,,65,0,37,42,56,37,,8,2.7,2.7,600,14,18,14,12,5,1,2,100
Bastet,(Special),Healing Rain,"Body, Accessory",,,72,0,35,29,78,71,,13,1.8,2.8,8,7,25,7,9,35,1,2,100
Bio Android,(Special),Gas,,,,89,0,5,5,80,28,,14,2.5,0,5,0,0,0,0,1,1,1,0
Bling Captain,(Special),Rush,"Body, Leg, Weapon, Accessory, Pet",,,37,97,74,73,48,29,,6,2.8,2.5,55,12,18,18,18,3,1,2,200
Blingy Captain,(Special),System Hack,"Body, Leg, Weapon, Accessory, Pet",,,49,0,53,52,48,29,,6,2.8,2.5,420,12,18,18,18,3,1,2,200
Bobby,(Special),Rush,"Body, Leg, Weapon, Accessory, Pet",,,35,66,25,25,39,23,,6,1.9,1.7,40,18,14,3,3,1,1,2,200
Bounty-Brito,(Special),Critical Strike,"Body, Weapon",,,75,0,51,51,81,32,,9,3.4,0.4,15,8,8,8,8,100,1,3,100
Brito-Tank,(Special),Ultra Dismantle,"Weapon, Accessory",,,76,0,27,27,72,51,,12,3,1,8,8,8,8,8,100,1,2,100
Bubbles,(Special),Bloodlust,"Leg, Accessory",,,63,0,38,37,68,33,,11,2.8,1,320,12,6,12,12,0,1,3,100
Buns,(Special),System Hack,"Body, Weapon",,,53,0,39,39,50,29,,7,2.7,2,390,4,2,13,13,0,1,2,100
Captain,(Special),Rush,"Body, Leg, Weapon, Accessory, Pet",,,37,89,72,71,48,29,,6,2.8,2.5,50,12,18,18,18,3,1,2,200
Cathulhu,(Special),Gas,"Leg, Weapon",,,67,0,26,31,65,32,,9,2.8,1.5,7,7,10,10,8,1,1,2,100
Chihuahua,(Special),Ultra Dismantle,"Weapon, Accessory",,,57,0,54,31,61,35,,9,2.8,1.8,5,15,23,10,18,1,1,2,100
D.R.A.G.O.N,(Special),Gas,"Body, Leg",,,78,0,26,26,72,49,,11,2.7,1.1,7,20,22,8,8,100,1,2,100
D.R.A.K.E,(Special),Gas,"Leg, Weapon",,,78,0,26,26,73,50,,11,2.8,1.2,7,21,23,8,8,100,1,2,100
Daft Kittus,(Special),Critical Strike,"Weapon, Accessory",,,77,0,58,57,84,36,,9,3.1,2,17,7,9,9,9,1,1,2,100
Dark Matter Hero,(Special),System Hack,"Head, Leg",,,76,0,43,79,70,39,,10,3.1,1.4,600,8,10,27,14,30,1,3,100
Dark Matter Legend,(Special),System Hack,"Head, Leg",,,77,0,43,79,70,39,,10,3.2,1.4,610,8,10,27,14,30,1,2,100
Dark Matter Mechi,(Special),System Hack,"Body, Leg",,,82,0,44,80,75,46,,11,3.2,1.5,620,8,12,27,14,50,1,2,100
Delish,(Special),Rush,,,,74,94,95,65,86,65,,13,3,2.5,50,15,25,15,25,50,2,3,100
Doge,(Special),Healing Rain,"Body, Leg",,,53,0,50,58,67,52,,9,3,2.8,8,15,16,18,15,1,1,2,100
Dolores,(Special),Freeze,,,,88,0,61,89,100,65,,13,3,2.5,300,25,15,25,15,50,2,3,100
Dr Dong,(Special),First Aid,"Body, Leg",,,90,0,53,46,93,70,,14,2,1.5,14,14,12,12,14,1,1,2,100
Draconian Mecha,(Special),Gas,"Body, Leg",,,79,0,49,51,79,51,,11,3.3,2.1,7,23,25,17,16,50,1,2,100
Draki Soldier,(Special),Urgent Repair,"Leg, Weapon",,,64,0,56,44,71,44,,11,3.2,1.2,10,9,13,13,17,0,1,2,100
Drakian,(Special),First Aid,"Leg, Weapon",,,71,0,48,53,78,46,,11,3.2,1.1,8,9,14,16,14,0,1,2,100
Drakian Clone,(Special),First Aid,"Leg, Weapon",,,71,0,48,53,78,46,,11,3.2,1.1,8,9,14,16,14,0,1,2,100
Drogon,(Special),Freeze,"Leg, Weapon",,,77,0,55,57,84,48,,11,3.1,1.7,300,11,21,14,13,50,1,2,100
Edward,(Special),Ultra Dismantle,"Body, Leg, Weapon, Accessory, Pet",,,38,0,10,19,40,23,,6,1.9,1.7,4,18,4,6,3,1,1,2,200
Engineer Bob,(Special),Urgent Repair,"Head, Body",,,40,0,23,23,45,64,,7,1.7,3,10,3,24,6,6,1,1,2,100
Explorer Brenda,(Special),Stasis Shield,"Weapon, Accessory",,,73,0,44,61,79,90,,13,2.2,3,280,12,18,20,14,60,1,2,90
Faerie Dragon,(Special),Healing Rain,"Weapon, Accessory",,,58,0,44,83,74,50,,10,2.9,2,7,12,13,27,13,0,1,2,100
Fed Bobby,(Special),Healing Rain,"Body, Leg, Weapon, Accessory, Pet",,,68,0,59,48,79,88,,12,2.5,3,8,20,16,14,17.5,25,1,2,200
Fed Laura,(Special),Healing Rain,"Body, Leg, Weapon, Accessory, Pet",,,69,0,48,48,81,88,,12,3.2,3,8,20,16,14,14,25,1,2,200
Fed Lisa,(Special),Healing Rain,"Body, Leg, Weapon, Accessory, Pet",,,68,0,48,48,78,88,,12,2.5,3,8,20,20,14,14,25,1,2,200
Fed Michelle,(Special),Healing Rain,"Body, Leg, Weapon, Accessory, Pet",,,68,0,48,48,79,89,,12,2.5,3.5,8,20,16,14,14,25,1,2,200
Fed Peter,(Special),Healing Rain,"Body, Leg, Weapon, Accessory, Pet",,,68,0,48,58,79,88,,12,2.5,3,8,20,16,17.5,14,25,1,2,200
Fed Tony,(Special),Healing Rain,"Body, Leg, Weapon, Accessory, Pet",,,68,0,48,48,78,88,,12,2.5,3,8,24,16,14,14,25,1,2,200
Flopsy,(Special),Critical Strike,"Weapon, Accessory",,,75,0,48,53,83,23,,8,4,1,18,4,6,7,5,0,1,2,100
Franky,(Special),Arson,"Weapon, Accessory",,,61,0,37,20,64,34,,10,3,1.3,300,13,11,6,12,1,1,3,100
Froggy,(Special),Gas,"Body, Leg",,,73,0,60,45,74,39,,10,2.9,1.9,7,10,13,15,20,0,1,2,100
Galaxy Bob,(Special),Urgent Repair,"Head, Body",,,40,0,23,23,45,64,,7,1.7,3,10,3,24,6,6,1,1,2,100
Giant Chicken,(Special),Healing Rain,"Weapon, Accessory",,,53,0,77,23,68,43,,9,2.9,1.8,6,15,14,6,25,1,1,2,100
Grandpa,(Special),First Aid,"Head, Body",,,53,0,49,48,63,68,,8,2.9,3,6,15,18,15,15,6,1,2,100
Gray Swarmlord,(Special),Rush,"Leg, Weapon",,,68,76,30,43,71,58,,12,2.4,2.6,45,24,7,8,3,50,1,2,100
Harmony Dragon,(Special),Healing Rain,"Weapon, Accessory",,,58,0,44,83,74,50,,10,2.9,2,7,12,13,27,13,0,1,2,100
Honest Abe,(Special),Urgent Repair,"Body, Accessory",,,51,0,17,17,53,47,,9,2,2,8,25,4,4,4,30,1,2,100
Hydra,(Special),Freeze,"Weapon, Accessory",,,70,0,79,39,79,45,,10,2.6,1.1,270,15,10,8,22,100,1,2,100
Infected Drakian,(Special),Critical Strike,"Leg, Weapon",,,73,0,66,60,81,30,,10,3.4,1,10,11,14,14,16,0,1,2,100
Infected Drakian Clone,(Special),Critical Strike,"Leg, Weapon",,,73,0,66,60,81,30,,10,3.4,1,10,11,14,14,16,0,1,2,100
Jack O'Lantern,(Special),Rush,"Leg, Accessory",,,53,100,86,74,63,31,,9,3,1.2,55,18,8,18,22,15,1,2,100
Jester,(Special),First Aid,"Leg, Weapon",,,67,0,19,19,71,32,,10,4,0.4,8,4,4,4,4,0,1,2,100
John Atoms,(Special),Freeze,"Head, Accessory",,,65,0,42,81,76,70,,10,1.2,3,280,4,7,23,9,30,1,2,100
Jon St Jon,(Special),Bloodlust,"Leg, Weapon",,,53,0,71,20,63,18,,9,3.2,0,200,6,6,6,24,50,1,2,100
King Ellie,(Special),Ultra Dismantle,"Weapon, Accessory",,,85,0,8,10,79,59,,14,3,1,6,0,2,2,1,100,1,2,100
Krampus,(Special),Firewalk,"Leg, Weapon",,,48,0,0,0,0,0,,8,3,1.8,45,6,6,6,6,100,1,3,100
KS Gray,(Special),System Hack,"Body, Weapon",,,65,0,37,42,56,37,,8,2.7,2.7,600,14,18,14,12,5,1,2,100
Laura,(Special),System Hack,"Body, Leg, Weapon, Accessory, Pet",,,48,0,13,21,40,23,,6,1.9,1.7,460,18,3,7,4,1,1,2,200
Lionheart,(Special),Arson,"Leg, Weapon",,,62,0,52,20,66,40,,10,3.1,1.4,330,20,13,6,17,35,1,2,100
Lisa,(Special),First Aid,"Body, Leg, Weapon, Accessory, Pet",,,40,0,25,39,48,32,,6,1.9,1.7,6,18,4,12,7,1,1,2,200
Loong,(Special),Freeze,"Weapon, Accessory",,,70,0,82,39,81,39,,10,2.9,1.9,280,23,11,8,23,0,1,2,100
Lucky RED-15T,(Special),Stasis Shield,"Weapon, Accessory",,,65,0,5,5,71,64,,15,0,0.8,480,0,0,0,0,70,1,2,100
Maizi,(Special),System Hack,"Weapon, Accessory",,,82,0,38,40,69,39,,11,3,1.5,620,12,16,13,12,1,1,2,100
Meowy Cat,(Special),Critical Strike,"Leg, Weapon",,,67,0,60,59,76,29,,7,3.3,2,17,7,10,10,10,1,1,2,100
Michelle,(Special),Healing Rain,"Body, Leg, Weapon, Accessory, Pet",,,35,0,42,16,45,30,,6,1.9,1.7,5,18,3,4,13,1,1,2,200
Miss Santa,(Special),Critical Strike,"Body, Weapon",,,53,0,70,52,65,31,,7,2.8,2.4,8,23,16,13,19,0,1,2,100
Mousey,(Special),Ultra Dismantle,"Body, Leg",,,51,0,59,19,58,29,,8,2.7,1.2,5,15,15,6,20,1,2,3,100
Mr Blue,(Special),Urgent Repair,"Head, Leg",,,16,0,72,71,35,45,,2,3.3,3.3,9,24,24,24,24,1,1,2,100
Mr Horse,(Special),Arson,"Weapon, Accessory",,,61,0,52,54,66,36,,10,2.9,1.5,300,13,15,18,17,1,1,3,100
Mummy,(Special),Gas,"Weapon, Accessory",,,81,0,30,38,77,47,,12,2.4,2,6,0,0,12,9,0,1,2,100
Namith,(Special),Freeze,"Weapon, Accessory",,,70,0,83,62,82,45,,10,3.7,1.8,230,13,12,17,24,50,1,2,100
Nova,(Special),Critical Strike,"Leg, Weapon",,,70,0,68,53,79,45,,10,3.1,2.4,8,15,24,13,18,20,1,2,100
Octavius,(Special),Bloodlust,"Leg, Accessory",,,63,0,38,37,68,33,,11,2.8,1,320,12,6,12,12,0,1,3,100
Old Driver,(Special),Urgent Repair,"Head, Leg",,,58,0,23,23,62,51,,10,2.6,2.9,8,25,25,6,6,1,1,2,100
Ophiuchus,(Special),Gas,"Leg, Weapon",,,79,0,26,26,75,41,,11,3.2,1.7,7,23,25,8,8,0,1,2,100
Orynch,(Special),System Hack,"Leg, Accessory",,,75,0,34,14,60,22,,9,3.6,0.4,700,13,3,4,11,30,1,2,100
P.A.N.D.A.,(Special),Gas,"Leg, Weapon",,,79,0,26,26,75,41,,11,3.2,1.7,7,23,25,8,8,0,1,2,100
Phoenix,(Special),Healing Rain,"Weapon, Accessory",,,58,0,69,29,69,54,,10,2.6,1.1,6,15,10,8,22,100,1,2,100
Phongril,(Special),Phase Shift,"Body, Weapon",,,64,0,26,21,71,42,,11,3.4,1.4,280,18,6,6,8,0,2,3,100
Pirate Alex,(Special),Gas,"Body, Leg, Weapon, Accessory, Pet",,,66,0,37,37,66,42,,9,3,2.5,6,16,17.5,12,12,20,1,2,200
Pirate Edward,(Special),Gas,"Body, Leg, Weapon, Accessory, Pet",,,66,0,37,37,66,42,,9,3,2.5,6,20,14,12,12,20,1,2,200
Pirate Lia,(Special),Gas,"Body, Leg, Weapon, Accessory, Pet",,,66,0,37,37,66,42,,9,3,2.5,6,16,14,12,12,20,1,2,200
Pirate Loretta,(Special),Gas,"Body, Leg, Weapon, Accessory, Pet",,,66,0,37,45,67,39,,9,3,2,6,16,14,15,12,20,1,2,200
Pirate Michelle,(Special),Gas,"Body, Leg, Weapon, Accessory, Pet",,,66,0,46,37,67,42,,9,3,2.5,6,16,14,12,15,20,1,2,200
Pirate Tony,(Special),Gas,"Body, Leg, Weapon, Accessory, Pet",,,67,0,37,37,69,42,,9,3.7,2.5,6,16,14,12,12,20,1,2,200
Polar Bear,(Special),Freeze,"Leg, Weapon",,,70,0,82,39,81,39,,10,2.9,1.9,280,23,11,8,23,0,1,2,100
Polaran Pilgrim,(Special),Stasis Shield,"Leg, Weapon",,,62,0,24,23,65,58,,11,2,2.8,280,21,26,7,7,40,1,2,100
Princess Vega,(Special),Freeze,"Head, Accessory",,,70,0,42,53,78,43,,10,2.8,2.5,280,19,8,13,9,1,1,2,100
Qtarian Bobby,(Special),Rush,"Body, Leg, Weapon, Accessory, Pet",,,57,63,45,45,62,43,,10,2.5,2,35,16,12,10,10,20,1,2,200
Qtarian Edward,(Special),Rush,"Body, Leg, Weapon, Accessory, Pet",,,57,64,51,45,62,38,,10,2.5,1.5,35,16,12,10,12,20,1,2,200
Qtarian Laura,(Special),Rush,"Body, Leg, Weapon, Accessory, Pet",,,57,63,45,45,62,38,,10,2.5,1.5,35,20,12,10,10,20,1,2,200
Qtarian Lisa,(Special),Rush,"Body, Leg, Weapon, Accessory, Pet",,,59,63,45,45,64,38,,10,3.2,1.5,35,16,12,10,10,20,1,2,200
Qtarian Michelle,(Special),Rush,"Body, Leg, Weapon, Accessory, Pet",,,57,63,45,50,62,38,,10,2.5,1.5,35,16,12,12,10,20,1,2,200
Qtarian Tony,(Special),Rush,"Body, Leg, Weapon, Accessory, Pet",,,57,63,45,45,62,38,,10,2.5,1.5,35,16,15,10,10,20,1,2,200
Riverwind,(Special),Freeze,"Weapon, Accessory",,,72,0,87,36,83,45,,11,3,0.8,200,9,10,8,26,100,1,2,100
Roach,(Special),Gas,"Weapon, Accessory",,,47,0,18,18,47,26,,5,3.1,2.8,7,4,6,6,6,1,1,2,100
Robo Santa,(Special),Gas,"Leg, Weapon",,,80,0,26,66,79,46,,11,2.5,2.5,8,22,7,22,8,0,1,2,100
Robot,(Special),System Hack,"Body, Weapon",,,56,0,42,42,51,33,,7,2.7,2.8,480,12,14,14,14,1,1,2,100
Saint Patrick,(Special),Healing Rain,"Body, Leg",,,45,0,44,77,59,37,,8,1.8,1.4,7,9,11,25,13,0,1,2,100
Santa's Helper,(Special),Rush,"Body, Leg",,,47,72,58,54,57,41,,8,2.5,2.9,40,10,19,13,14,1,2,3,100
Santa's Helpstress,(Special),Healing Rain,"Leg, Weapon",,,41,0,64,49,56,43,,7,2.2,2.7,4,10,4,16,21,1,2,3,100
Soda Delivery Guy,(Special),Rush,"Body, Leg",,,58,76,37,37,64,75,,10,2.6,3,45,22,24,6,6,35,2,3,100
Sparko,(Special),Healing Rain,"Head, Leg",,,52,0,50,81,69,74,,9,2.6,3,8,14,18,26,15,1,1,2,100
Sphinx,(Special),Firewalk,"Weapon, Accessory",,,62,0,0,0,0,0,,11,2.4,1,35,9,9,7,9,100,1,2,100
Squid,(Special),First Aid,Weapon,,,87,0,47,49,90,67,,14,2.4,2,9,12,13,14,13,0,1,2,100
Tin Robot,(Special),System Hack,"Body, Weapon",,,56,0,42,42,51,33,,7,2.7,2.8,480,12,14,14,14,1,1,2,100
Tony,(Special),Urgent Repair,"Body, Leg, Weapon, Accessory, Pet",,,35,0,9,15,39,27,,6,1.9,1.7,5,18,7,4,2,1,1,2,200
Transport Driver,(Special),Urgent Repair,"Head, Leg",,,58,0,24,24,63,74,,10,2.8,3,9,25,26,6,6,1,1,2,100
Turkey Man,(Special),Healing Rain,"Weapon, Accessory",,,51,0,29,65,63,43,,9,2.2,2,5,10,7,21,8,0,1,2,100
Visiri Hammerhead,(Special),Freeze,"Body, Weapon",,,78,0,49,32,86,38,,11,3.5,1,300,5,7,5,11,0,2,3,100
Washingtron,(Special),Freeze,"Body, Accessory",,,70,0,85,36,81,70,,10,2.6,3,280,5,3,7,24,30,1,2,100
Whaler,(Special),Gas,Weapon,,,88,0,41,58,86,52,,13,2.6,2.2,7,12,13,19,13,0,1,2,100
Wolfy,(Special),Ultra Dismantle,"Body, Leg",,,57,0,66,20,63,32,,9,2.9,1.5,5,15,16,6,22,1,1,2,100
Xeon,(Special),Gas,"Weapon, Accessory",,,84,0,52,63,84,57,,12,3,2.5,7,13,12,21,17,50,1,2,100
Zakian,(Special),First Aid,"Leg, Weapon",,,65,0,47,47,72,42,,10,3.2,1.2,7,8,14,14,14,0,1,2,100
Zakian Assassin,(Special),Critical Strike,"Leg, Weapon",,,78,0,61,63,85,33,,11,3.2,1,10,8,14,15,14,0,1,2,100
Admiral Serena,(Hero),Critical Strike,"Weapon, Accessory",,,78,0,83,66,89,45,,11,3.2,2.2,10,18,10,16,22,5,1,2,90
Admiral Yi,(Hero),Rush,"Weapon, Accessory",,,58,93,91,33,67,33,,10,2.7,1,50,8,3,4,24,20,1,2,90
Alpaco,(Hero),Healing Rain,"Weapon, Accessory",,,53,0,77,34,69,41,,9,3.3,1.5,6,9,10,10,25,1,1,2,90
Ancestral Spirit,(Hero),Gas,"Weapon, Accessory",,,84,0,67,29,84,48,,12,2.9,2.2,7,4,15,9,22,1,1,2,90
Android 47,(Hero),Critical Strike,"Leg, Accessory",,,71,0,42,59,79,33,,9,3,1.2,13,9,23,12,6,30,1,2,90
Angel,(Hero),Healing Rain,"Head, Weapon",,,52,0,56,59,66,52,,9,2.5,2.5,9,13,18,18,17,1,1,2,90
Aquarius,(Hero),Healing Rain,"Body, Weapon",,,52,0,47,41,63,56,,9,2.4,2.4,7,23,13,12,14,50,1,2,90
Arbiter Crystal,(Hero),Freeze,"Weapon, Accessory",,,76,0,23,82,85,57,,12,1.8,2.8,220,1,3,24,3,40,1,2,90
Aries,(Hero),First Aid,"Body, Weapon",,,67,0,37,57,75,54,,10,2.8,2,10,23,12,17,10,0,1,2,90
Big Boom Cat,(Hero),Rush,"Body, Leg",,,54,89,67,55,64,40,,9,3.5,2.5,50,24,14,12,16,3,1,2,90
Bogan,(Hero),First Aid,"Body, Leg",,,64,0,75,46,75,50,,10,3,2.2,6,13,14,14,24,0,1,2,90
Brenda Linuxer,(Hero),Ultra Dismantle,"Head, Leg",,,74,0,64,55,78,73,,12,3,3.1,6,12,21,18,21,1,1,2,90
Cancer,(Hero),Gas,"Body, Weapon",,,71,0,12,23,68,40,,10,3,2,6,18,23,7,3,1,1,2,90
Capricorn,(Hero),Rush,"Body, Weapon",,,47,80,59,84,58,34,,8,2.6,2.2,45,13,18,23,14,0,1,2,90
Commodore Firenz,(Hero),Healing Rain,"Body, Leg",,,53,0,50,64,69,75,,9,3,3.4,8,18,20,20,15,5,1,3,90
Countess Miyoko,(Hero),Arson,"Body, Leg",,,59,0,46,51,57,48,,9,1.8,1.8,500,18,21,17,15,95,1,2,90
Cupid Trooper,(Hero),Rush,"Leg, Accessory",,,52,92,87,61,63,40,,9,2.6,2.5,50,15,19,14,23,3,1,3,90
Drakodroid,(Hero),First Aid,"Head, Weapon",,,67,0,38,32,73,59,,10,2.6,2,11,23,8,8,10,20,1,2,90
Err////jjjdz111,(Hero),System Hack,"Leg, Accessory",,,69,0,51,59,62,37,,9,2.7,2.1,550,16,16,20,17,0,1,2,90
Ethan,(Hero),Rush,"Head, Body",,,58,89,65,73,67,44,,10,2.7,2.7,50,18,24,18,15,1,1,2,90
Gemini,(Hero),Arson,"Weapon, Accessory",,,60,0,35,71,68,51,,10,2.7,1.6,280,12,8,24,11,100,1,2,90
Glitch,(Hero),System Hack,"Body, Leg",,,76,0,55,68,71,51,,10,2.8,2.8,610,20,16,23,18,20,2,2,90
Green Ranger - Oliver,(Hero),Gas,"Head, Body",,,65,0,23,62,69,39,,9,2.8,2.4,6,3,6,21,7,1,1,2,90
Guan Yu,(Hero),Critical Strike,"Body, Leg",,,75,0,86,73,86,44,,11,3,2,8,8,8,20,24,6,1,2,90
Hong Gil-Dong,(Hero),Stasis Shield,"Weapon, Accessory",,,65,0,24,27,70,87,,12,1.5,3.5,280,8,6,8,7,30,2,3,90
Huntress,(Hero),Gas,"Head, Weapon",,,73,0,37,51,72,43,,10,2.9,1.8,7,10,13,17,12,30,1,2,90
Ichigo,(Hero),Critical Strike,"Weapon, Accessory",,,68,0,91,65,81,32,,9,3.5,1.5,10,9,9,16,25,1,1,2,90
Infected Swallow,(Hero),Bloodlust,"Leg, Accessory",,,46,0,51,42,57,41,,8,2.2,2.6,300,20,16,14,17,5,2,3,90
Invader,(Hero),Gas,"Weapon, Accessory",,,70,0,55,60,73,44,,10,2.7,2.6,6,18,19,20,18,8,1,2,90
Jaiden,(Hero),Critical Strike,"Head, Weapon",,,74,0,75,72,83,44,,11,3,2,7,8,8,20,21,6,1,2,90
Leo,(Hero),Ultra Dismantle,"Body, Leg",,,52,0,40,19,55,33,,8,3,1.3,5,13,22,6,13,50,1,2,90
Leon Mars,(Hero),Rush,"Leg, Weapon",,,52,88,65,92,63,41,,9,2.3,2.8,50,15,24,25,15,3,1,2,90
Libra,(Hero),Freeze,"Head, Leg",,,64,0,41,80,76,39,,9,3,2.3,260,10,8,23,9,3,1,2,90
Lollita,(Hero),Healing Rain,"Weapon, Accessory",,,59,0,64,63,73,77,,10,3.2,3.1,7,18,20,20,20,5,1,2,90
Lyu Bu,(Hero),Critical Strike,"Head, Body",,,70,0,85,73,81,42,,10,3,2.2,8,8,8,20,24,6,1,2,90
Ma Chao,(Hero),Critical Strike,"Body, Leg",,,75,0,73,72,84,47,,11,2.5,2.4,9,24,14,19,19,6,1,2,90
Mad Admiral,(Hero),Gas,"Leg, Accessory",,,65,0,51,17,69,45,,9,2.6,2.8,6,16,20,5,17,5,2,3,90
Maya,(Hero),Rush,"Body, Leg",,,58,89,68,81,68,42,,10,2.9,2.4,50,12,12,21,16,1,1,2,90
Mecha,(Hero),Urgent Repair,"Weapon, Accessory",,,63,0,32,32,67,77,,11,2.5,3.2,8,14,18,9,9,0,1,2,90
Meng Huo,(Hero),First Aid,"Head, Leg",,,78,0,70,75,86,65,,12,2.5,2.2,11,8,8,23,21,6,1,2,90
Menga Linuxer,(Hero),Ultra Dismantle,"Head, Leg",,,74,0,64,55,78,73,,12,3,3.1,6,12,21,18,21,1,1,2,90
Mercury Mariner,(Hero),Phase Shift,"Head, Accessory",,,51,0,74,14,62,65,,9,2,3.2,260,5,5,4,25,20,1,2,90
Mermaid,(Hero),Freeze,"Body, Leg",,,65,0,62,69,76,40,,9,3,2.8,280,17,22,19,16,0,1,2,90
Miss Jane,(Hero),Firewalk,"Body, Leg",,,52,0,0,0,0,0,,9,2.3,2,40,12,18,18,18,100,1,2,90
Moon Mariner,(Hero),Healing Rain,"Leg, Accessory",,,52,0,18,77,67,44,,9,2.6,1.4,7,6,4,25,4,20,1,2,90
Mr Coconut,(Hero),System Hack,"Head, Body",,,59,0,73,53,55,32,,7,2.7,2.5,600,15,18,18,25,1,1,2,90
Pisces,(Hero),Freeze,"Body, Leg",,,64,0,52,77,75,39,,9,2.8,2.4,250,11,12,22,13,0,1,2,90
Roborob,(Hero),System Hack,"Head, Weapon",,,79,0,61,60,77,73,,12,2.8,3.1,360,12,8,20,20,1,1,2,90
Rocky,(Hero),Ultra Dismantle,"Weapon, Accessory",,,79,0,7,10,74,55,,13,3,1,5,0,2,2,1,100,1,2,90
RU5-7Y,(Hero),Arson,"Head, Weapon",,,61,0,26,34,55,38,,9,2,1,560,21,9,11,8,80,1,2,90
Rudolph,(Hero),Healing Rain,"Head, Weapon",,,56,0,58,57,69,60,,10,2,2.8,6,20,18,18,18,20,2,3,90
Ryzen,(Hero),Critical Strike,"Body, Leg",,,78,0,55,91,88,46,,11,3,1.5,10,8,12,25,12,50,1,2,90
Saboteur Pianist,(Hero),Healing Rain,"Body, Weapon",,,53,0,77,34,67,46,,9,2.8,2,6,10,10,10,25,10,1,2,90
Sagita,(Hero),Critical Strike,"Head, Weapon",,,72,0,56,80,85,46,,10,3.3,2.2,9,4,15,22,13,1,2,3,90
Saturn Mariner,(Hero),Critical Strike,"Leg, Weapon",,,74,0,46,39,79,30,,9,3,1.2,15,4,25,4,6,10,1,2,90
Savyserver,(Hero),Urgent Repair,"Head, Weapon",,,62,0,53,33,69,69,,12,1,2.6,10,6,22,9,16,70,1,2,90
Scorpio,(Hero),Critical Strike,"Body, Leg",,,64,0,62,59,73,36,,9,2.8,2,8,13,15,15,16,0,1,2,90
Slimes MacKenzie,(Hero),Stasis Shield,"Leg, Weapon",,,61,0,69,18,69,57,,11,1.8,2.2,200,4,4,5,23,60,1,2,90
Snowie,(Hero),Critical Strike,"Body, Leg",,,59,0,72,43,69,59,,8,2.2,3.2,9,15,21,9,19,1,1,3,100
Sunscream,(Hero),Rush,"Head, Weapon",,,69,86,46,79,77,73,,12,2.8,3.1,50,12,20,20,8,1,1,2,90
Taura,(Hero),Gas,"Weapon, Accessory",,,84,0,67,29,84,48,,12,2.9,2.2,7,4,15,9,22,1,1,2,90
The Red Baron,(Hero),Critical Strike,"Weapon, Accessory",,,86,0,96,39,96,40,,11,3,1.4,16,23,3,3,23,10,1,2,90
The Switcher,(Hero),Bloodlust,"Head, Weapon",,,58,0,40,62,67,35,,10,2.8,1.2,300,4,8,21,13,20,1,2,90
Thomas,(Hero),System Hack,"Head, Body",,,75,0,46,60,67,44,,10,2.7,2.6,600,18,26,20,15,8,1,2,90
Timber,(Hero),Critical Strike,"Weapon, Accessory",,,68,0,91,48,80,32,,9,3.3,1.5,10,9,10,10,25,1,1,2,90
Turkey Hero,(Hero),Urgent Repair,"Head, Weapon",,,53,0,71,31,65,90,,10,1.2,3.5,6,15,18,9,23,95,2,2,90
Virgo,(Hero),Healing Rain,"Leg, Accessory",,,42,0,55,71,59,44,,7,2.8,2.6,8,15,16,23,17,1,1,2,90
Visiri Alchemist,(Hero),Freeze,"Weapon, Accessory",,,68,0,40,88,79,40,,10,2.5,2,240,12,8,26,9,1,1,2,90
Western Crow,(Hero),System Hack,"Body, Leg",,,79,0,41,66,77,50,,12,2.8,2.5,360,7,22,22,13,1,1,2,90
Xiahou Dun,(Hero),Gas,"Body, Leg",,,76,0,44,49,76,44,,11,2.8,2,6,8,21,16,14,6,1,2,90
Xin,(Hero),Rush,"Head, Body",,,58,89,65,73,67,44,,10,2.7,2.7,50,18,24,18,15,1,1,2,90
Yi Hwang,(Hero),Rush,"Weapon, Accessory",,,56,84,37,92,66,43,,10,2,2,50,7,7,25,5,20,1,2,90
Yusi,(Hero),First Aid,"Head, Body",,,66,0,60,68,76,59,,10,2.5,2.9,10,18,12,21,18,1,1,2,90
Zongzi-Man,(Hero),Gas,"Weapon, Accessory",,,72,0,46,62,73,46,,10,2.5,2.5,7,10,20,21,15,20,1,2,90
Zongzi-Woman,(Hero),Healing Rain,"Weapon, Accessory",,,57,0,50,66,71,56,,10,2.5,2.5,7,10,20,21,15,20,1,2,90
Aaron,(Epic),Urgent Repair,"Body, Leg",,,47,0,65,42,58,42,,8,2.8,2.4,8,20,14,13,21,1,1,2,80
Abbie,(Epic),First Aid,"Head, Body",,,59,0,50,69,69,52,,9,2.2,2.9,8,18,12,22,15,1,1,2,80
Agay,(Epic),Rush,"Body, Leg",,,42,83,79,70,55,55,,7,3,3.1,45,12,9,18,21,1,1,2,80
Alibaba,(Epic),Gas,"Body, Weapon",,,61,0,48,28,61,36,,8,2.3,2.5,7,9,14,9,16,3,1,2,80
Apex,(Epic),Stasis Shield,"Body, Weapon",,,53,0,71,14,63,33,,9,2.8,1,200,10,4,4,24,20,1,2,80
Ardent Templar,(Epic),First Aid,"Weapon, Accessory",,,58,0,50,35,71,45,,8,4.8,2,8,20,10,10,15,5,1,2,80
Assassin alien,(Epic),Critical Strike,"Head, Weapon",,,45,0,63,54,57,28,,6,2.8,2.5,6,12,15,15,18,1,1,2,80
Bad Uncle,(Epic),System Hack,"Body, Leg",,,69,0,43,59,62,40,,9,2.5,2.8,580,3,10,20,14,1,1,2,80
Bad Vlad,(Epic),Critical Strike,"Weapon, Accessory",,,41,0,78,27,60,15,,3,5,2,12,2,2,2,20,0,1,2,80
Barot,(Epic),Arson,"Leg, Weapon",,,54,0,14,23,57,30,,9,2.8,1.3,250,9,9,7,4,3,1,2,80
Bliss,(Epic),Healing Rain,"Leg, Weapon",,,47,0,49,40,59,53,,8,2.6,2.9,6,15,22,12,15,50,1,2,80
Cao Cao,(Epic),Healing Rain,"Head, Body",,,47,0,65,64,60,44,,8,2.5,2.6,5,19,21,21,21,5,1,2,80
Civilian Pilot,(Epic),Rush,"Body, Accessory",,,40,65,20,42,47,32,,7,2,2.5,40,25,9,9,1,0,1,2,80
Cortex,(Epic),Urgent Repair,"Head, Accessory",,,38,0,19,58,48,44,,7,1.4,2.8,7,6,6,19,5,35,1,3,80
Demon Boy,(Epic),Firewalk,"Body, Leg",,,47,0,0,0,0,0,,8,2.8,3.1,30,15,14,18,16,100,1,2,80
Dong Zhuo,(Epic),Healing Rain,"Weapon, Accessory",,,47,0,55,57,58,39,,8,2.5,2.5,2,15,16,19,18,5,1,2,80
Dr Sera,(Epic),Gas,"Body, Weapon",,,44,0,39,38,48,28,,6,2.4,2.4,4,4,13,13,13,0,1,2,80
Easter Bunny,(Epic),System Hack,"Body, Weapon",,,47,0,36,36,45,28,,6,2.5,2.4,360,4,2,12,12,0,1,2,80
Elf,(Epic),Healing Rain,"Weapon, Accessory",,,53,0,63,40,67,72,,9,3,3,6,15,8,12,20,5,1,2,80
Ennui,(Epic),Healing Rain,"Leg, Weapon",,,46,0,54,62,59,44,,8,2.2,2.4,6,15,18,20,17,1,1,2,80
Eric,(Epic),Healing Rain,"Head, Body",,,47,0,48,64,62,45,,8,2.9,2.9,5,15,13,21,15,5,1,2,80
Floozey,(Epic),Gas,"Leg, Accessory",,,60,0,22,50,62,26,,8,3,1.3,6,7,17,17,7,0,1,3,80
Foxy Girl,(Epic),First Aid,"Leg, Weapon",,,41,0,45,25,51,37,,6,2.4,2.4,6,15,7,7,14,0,1,2,80
Geeky Vincent,(Epic),Urgent Repair,"Body, Leg",,,46,0,57,54,56,67,,8,2.2,3,9,18,21,17,18,1,1,2,80
Ghostly Charles,(Epic),Phase Shift,"Body, Weapon",,,53,0,26,54,62,33,,9,3.2,1.2,240,4,9,18,8,30,1,2,80
Giant Slime,(Epic),Gas,"Weapon, Accessory",,,66,0,37,37,67,32,,10,2.8,1.2,4,0,2,12,12,0,1,2,80
Golden Boy,(Epic),System Hack,"Body, Weapon",,,48,0,42,41,45,33,,6,2.2,2.5,420,12,18,14,14,30,1,2,80
Golden Troop,(Epic),Urgent Repair,"Leg, Weapon",,,48,0,47,41,58,40,,8,3.1,2.5,4,15,13,13,15,5,1,2,80
Government Troop,(Epic),Ultra Dismantle,"Leg, Weapon",,,51,0,45,39,58,36,,8,3.1,2.5,4,15,13,13,15,5,1,2,80
Henry,(Epic),Critical Strike,"Leg, Weapon",,,64,0,28,36,69,32,,9,2.9,1.5,8,22,18,7,4,3,1,2,80
Huge Hellaloya,(Epic),Rush,"Body, Weapon",,,42,89,72,72,52,22,,7,2.8,1.2,50,18,18,18,18,3,1,2,100
Infecteddy,(Epic),Ultra Dismantle,"Head, Weapon",,,48,0,14,13,52,19,,7,4.4,1,4,2,2,4,4,0,1,2,80
Keira,(Epic),Urgent Repair,"Body, Weapon",,,41,0,42,41,49,38,,7,2.4,2.4,7,23,13,13,13,0,1,2,80
Kingpin,(Epic),Healing Rain,"Head, Body",,,41,0,31,30,50,35,,7,2.4,1.8,5,19,9,9,9,3,1,2,80
Le Vincent,(Epic),Urgent Repair,"Body, Leg",,,47,0,60,53,57,44,,8,2.5,2.9,8,18,22,17,19,1,1,2,80
Liu Bei,(Epic),Rush,"Head, Body",,,47,65,61,66,57,59,,8,2.5,3,35,15,18,18,16,4,1,2,80
Mad Jackson,(Epic),First Aid,"Leg, Weapon",,,60,0,47,41,68,44,,9,3,1.5,8,10,6,12,14,3,1,2,80
Masky Lia,(Epic),System Hack,"Body, Leg",,,56,0,31,64,54,36,,7,2.7,2.5,500,11,10,22,10,30,1,2,80
Mcdonalds,(Epic),Critical Strike,"Leg, Weapon",,,68,0,62,64,77,36,,9,2.8,2,11,3,20,15,14,1,1,2,80
Medusa,(Epic),Rush,"Weapon, Accessory",,,42,64,55,49,52,33,,7,2.9,2.9,35,15,20,12,14,1,1,2,80
Mistycball,(Epic),Freeze,"Weapon, Accessory",,,71,0,45,92,84,40,,10,3.2,2,280,10,13,27,10,0,1,2,100
Monkey King,(Epic),Ultra Dismantle,"Head, Leg",,,55,0,54,54,61,41,,9,2.4,2.9,4,15,0,18,18,1,1,2,80
Mr Alan,(Epic),Rush,"Leg, Weapon",,,53,76,84,38,63,30,,9,2.8,1.3,40,11,12,7,23,3,1,2,80
Mr Cray,(Epic),Critical Strike,"Leg, Weapon",,,64,0,48,36,71,30,,9,2.9,1.3,8,11,21,7,11,3,1,2,80
Mr Old,(Epic),Rush,"Leg, Weapon",,,47,78,48,39,53,28,,8,2.5,1.5,45,10,23,7,10,1,1,2,80
Mr She,(Epic),Rush,"Leg, Weapon",,,47,78,48,81,57,28,,8,2.5,1.5,45,10,4,22,10,1,1,2,80
Ninja,(Epic),Critical Strike,"Body, Leg",,,53,0,66,49,65,38,,8,2.8,2.9,4,15,12,14,20,5,1,2,80
Olympian Mcdonalds,(Epic),Critical Strike,"Leg, Weapon",,,68,0,62,64,77,36,,9,2.8,2,11,3,20,15,14,1,1,2,80
Olympian Pagan Burger,(Epic),Urgent Repair,"Leg, Weapon",,,52,0,45,48,60,46,,9,2.6,2.2,7,3,20,15,14,20,1,2,80
Orc,(Epic),Ultra Dismantle,"Head, Body",,,51,0,59,25,58,40,,8,2.7,2.6,5,12,14,8,20,30,1,2,50
Pagan Burger,(Epic),Urgent Repair,"Leg, Weapon",,,52,0,45,48,60,46,,9,2.6,2.2,7,3,20,15,14,20,1,2,80
Penny,(Epic),Stasis Shield,"Weapon, Accessory",,,53,0,14,70,63,39,,9,2.8,1.2,200,10,4,24,4,50,1,2,80
Ponytail Alien,(Epic),System Hack,"Weapon, Accessory",,,52,0,42,30,46,29,,6,2.4,2.8,540,3,10,10,14,1,1,2,80
Ron,(Epic),Critical Strike,"Body, Weapon",,,63,0,60,43,72,40,,9,2.9,2.8,7,12,12,10,16,1,1,2,80
Sakura,(Epic),Urgent Repair,"Body, Weapon",,,48,0,38,49,58,62,,8,3,3,4,14,18,16,12,1,1,2,80
Server Eric,(Epic),Rush,"Body, Leg",,,46,71,52,54,54,37,,8,2.3,2.8,40,20,26,13,12,1,1,2,80
Sherry,(Epic),Freeze,"Body, Leg",,,65,0,58,52,74,37,,9,3.2,2.1,260,18,14,13,15,1,1,2,80
Sie,(Epic),Healing Rain,"Leg, Weapon",,,42,0,33,63,55,31,,7,2.7,1.5,4,10,4,21,10,1,1,2,80
Snow Joe,(Epic),Freeze,"Head, Leg",,,59,0,40,59,68,59,,8,2.2,3,300,4,6,15,8,0,1,2,70
Steamy Aleks,(Epic),Stasis Shield,"Leg, Weapon",,,52,0,57,37,61,57,,9,2.4,2.2,300,15,24,12,19,100,1,2,80
Stevo,(Epic),Gas,"Leg, Weapon",,,65,0,14,23,61,30,,9,2.5,1.3,6,15,22,7,4,3,1,2,80
Stove Tops,(Epic),Rush,"Leg, Weapon",,,53,67,29,38,57,30,,9,2.8,1.3,40,15,23,7,4,3,1,2,80
Teddy,(Epic),Rush,"Leg, Weapon",,,42,55,48,47,51,31,,7,2.8,2.4,30,4,2,12,12,0,1,2,80
Tin Man,(Epic),Critical Strike,"Weapon, Accessory",,,49,0,56,22,59,21,,7,3,1.2,5,12,3,4,16,0,1,2,80
TJ,(Epic),System Hack,"Head, Body",,,58,0,59,53,53,32,,7,2.6,2.5,550,15,18,18,20,1,1,2,80
Tripod,(Epic),Critical Strike,"Head, Weapon",,,59,0,50,72,72,38,,8,3,2.2,8,4,15,20,12,1,2,3,80
Walking Skeleton,(Epic),Gas,"Weapon, Accessory",,,56,0,45,53,62,38,,8,2.9,2.9,4,12,13,18,15,5,1,2,80
Witch,(Epic),Healing Rain,"Body, Weapon",,,48,0,59,45,62,67,,8,3,3,5,12,14,14,19,5,1,2,80
Zhang Fei,(Epic),Ultra Dismantle,"Body, Weapon",,,58,0,60,56,63,38,,9,2.9,2.2,6,3,6,19,20,3,1,2,80
Zhao Yun,(Epic),Gas,"Head, Leg",,,61,0,63,59,67,40,,9,2.8,2.6,4,3,9,20,21,3,1,2,80
Zhuge Liang,(Epic),Healing Rain,"Body, Weapon",,,47,0,73,72,62,64,,8,2.8,3.1,3,21,24,24,24,10,1,2,80
Alien McAlienface,(Unique),Rush,"Weapon, Accessory",,,42,63,69,37,53,22,,7,2.7,0.9,33,10,15,8,19,1,2,3,70
Arctic Pole Boy,(Unique),Freeze,"Body, Leg",,,29,0,29,15,37,17,,4,1.8,1.8,120,7,8,3,8,2,1,2,70
Ardent Starhuntress,(Unique),Critical Strike,"Weapon, Accessory",,,56,0,36,55,65,33,,8,3,2,6,8,6,15,8,2,1,3,70
Astronaut,(Unique),First Aid,"Body, Weapon",,,35,0,33,39,45,33,,5,2.2,2.3,6,12,19,12,10,3,1,2,70
Captain Mack Swallow,(Unique),System Hack,"Head, Leg",,,66,0,14,20,54,31,,9,2.2,1.4,480,18,4,6,4,0,1,2,70
Cara,(Unique),Rush,"Body, Weapon",,,36,55,53,64,46,28,,6,2.3,2.4,30,12,3,18,14,3,1,2,70
Cat Boy,(Unique),System Hack,"Head, Leg",,,65,0,14,45,57,31,,9,2,1.4,480,4,4,15,4,0,1,2,70
Christian,(Unique),Urgent Repair,"Body, Leg",,,47,0,48,42,56,40,,8,2.9,2.2,7,18,14,13,15,1,1,2,70
Cypress,(Unique),Gas,Head,,,69,0,26,34,66,36,,9,2.6,2,8,8,8,11,8,0,1,2,70
David,(Unique),First Aid,"Head, Body",,,33,0,29,29,41,26,,5,2.1,1.8,4,10,9,9,9,3,1,2,70
Dennis,(Unique),Healing Rain,"Body, Leg",,,35,0,38,29,46,36,,6,2,2.8,4,10,9,9,12,3,1,2,70
Dr Mew,(Unique),Healing Rain,"Head, Leg",,,37,0,32,54,49,30,,6,2.8,2,3,10,10,18,10,3,1,2,70
Emily,(Unique),Ultra Dismantle,"Body, Leg",,,29,0,44,54,38,19,,4,2.4,2.1,4,12,19,19,15,1,1,2,70
Evil General,(Unique),Ultra Dismantle,"Leg, Weapon",,,50,0,45,11,54,36,,8,2.1,2.6,5,12,3,3,15,3,1,2,70
Fed Medic,(Unique),Healing Rain,"Head, Leg",,,36,0,38,43,48,33,,6,2.6,2.2,4,10,14,14,12,3,1,2,70
First Mate,(Unique),Healing Rain,"Head, Leg",,,36,0,38,43,48,33,,6,2.6,2.2,4,10,14,14,12,3,1,2,70
Gentleman,(Unique),Ultra Dismantle,"Head, Leg",,,38,0,36,36,44,28,,6,2.4,2.4,3,12,12,12,12,3,1,2,70
Good student,(Unique),System Hack,"Body, Leg",,,43,0,36,41,46,28,,6,2.5,2.3,240,12,10,14,12,3,1,2,70
Gray Virtuoso,(Unique),Healing Rain,"Weapon, Accessory",,,36,0,33,58,51,59,,6,2.5,3,5,10,8,19,10,1,1,2,70
Helen,(Unique),Critical Strike,"Head, Body",,,40,0,39,39,47,20,,5,2.1,1.8,7,10,9,9,9,1,1,2,70
Jack,(Unique),System Hack,"Head, Leg",,,59,0,22,33,52,24,,8,2.5,1,420,9,16,11,7,10,1,2,70
Jessica,(Unique),Critical Strike,"Leg, Weapon",,,47,0,52,43,56,32,,7,2.4,2.4,4,12,12,12,15,6,1,2,70
Jesus,(Unique),Rush,"Weapon, Accessory",,,30,53,38,38,37,21,,5,2.1,1.8,30,10,9,9,9,3,1,2,70
King Salamander,(Unique),Gas,"Head, Body",,,52,0,48,27,54,29,,7,2.3,1.9,5,9,9,9,16,3,1,2,70
Male Nurse,(Unique),Healing Rain,"Head, Leg",,,36,0,38,43,48,33,,6,2.6,2.2,4,10,14,14,12,3,1,2,70
Mama,(Unique),Critical Strike,"Leg, Weapon",,,46,0,39,39,53,24,,6,2.3,1.8,7,10,13,9,9,1,1,2,70
Mangrove,(Unique),Gas,Accessory,,,69,0,26,28,65,35,,9,2.6,1.8,8,6,8,9,8,0,1,2,70
Messiah,(Unique),Healing Rain,"Head, Body",,,30,0,30,46,42,25,,5,2.2,1.5,5,7,9,15,9,1,1,2,70
Miss McAlienface,(Unique),Rush,"Weapon, Accessory",,,41,63,69,37,53,25,,7,2.5,1.1,33,10,15,8,19,1,2,3,70
Mr Egggg,(Unique),System Hack,"Leg, Weapon",,,40,0,36,35,41,26,,5,2.6,2.8,300,4,2,12,12,0,1,2,70
Nolan,(Unique),Ultra Dismantle,"Head, Body",,,41,0,44,36,47,21,,6,3,1.5,5,12,3,12,15,0,1,2,70
Office Exec,(Unique),Critical Strike,"Head, Body",,,36,0,34,33,43,21,,5,2.1,1.8,4,10,9,9,9,3,1,2,70
Omar,(Unique),Ultra Dismantle,"Head, Body",,,33,0,27,27,37,21,,5,2.1,1.8,3,10,9,9,9,3,1,2,70
Papyrus,(Unique),Gas,Weapon,,,68,0,31,28,66,36,,9,3,2,7,6,8,9,10,0,1,2,70
Paul,(Unique),Ultra Dismantle,"Head, Body",,,33,0,27,27,37,21,,5,2.1,1.8,3,10,9,9,9,3,1,2,70
Professor,(Unique),System Hack,"Head, Body",,,48,0,27,47,46,28,,6,2.4,2.4,420,12,9,16,9,3,1,2,70
Qtarian Healer,(Unique),Healing Rain,"Head, Leg",,,36,0,38,43,48,33,,6,2.6,2.2,4,10,14,14,12,3,1,2,70
Red Ninja,(Unique),Arson,"Body, Leg",,,43,0,56,39,51,33,,7,2.4,1.6,210,15,11,13,19,50,1,2,70
Ribi,(Unique),Arson,"Leg, Weapon",,,37,0,56,30,48,26,,6,2.6,2.1,200,10,10,10,19,1,1,2,70
Robyna Hoots,(Unique),System Hack,"Body, Weapon",,,62,0,59,25,57,31,,8,2.7,1.8,500,3,8,8,20,1,1,2,70
Salon Customer,(Unique),Gas,"Head, Weapon",,,31,0,44,26,37,17,,4,2.1,1.8,3,10,9,9,15,3,1,2,70
Schrodinger,(Unique),Urgent Repair,"Weapon, Accessory",,,37,0,37,53,49,42,,6,3.3,2.2,17,7,10,16,10,1,1,1,70
Serge Eric,(Unique),System Hack,"Head, Body",,,41,0,36,21,38,20,,5,2.1,1.7,360,3,10,7,12,1,1,2,70
Simon,(Unique),First Aid,"Body, Leg",,,41,0,39,39,51,37,,6,2.6,2.4,6,4,12,12,12,0,1,2,70
Tiffany,(Unique),Urgent Repair,"Leg, Weapon",,,36,0,32,57,48,32,,6,2.5,2.5,4,10,10,19,10,1,1,2,70
Tom Alpha,(Unique),Phase Shift,"Body, Leg",,,57,0,40,45,64,40,,10,2.5,2,200,19,12,15,13,1,1,2,70
Verunus,(Unique),Healing Rain,"Head, Leg",,,36,0,47,38,49,33,,6,2.6,2,5,12,3,12,15,1,1,2,70
Visiri Capt'n,(Unique),Rush,"Weapon, Accessory",,,36,57,64,47,47,28,,6,2.4,2.4,30,12,18,12,18,1,1,2,70
Vivien,(Unique),Urgent Repair,"Body, Leg",,,36,0,32,31,44,31,,6,2.5,2.3,4,10,18,10,10,1,1,2,70
Wandering Spirit,(Unique),Critical Strike,"Body, Weapon",,,56,0,36,55,65,33,,8,3,2,6,8,6,15,8,2,1,3,70
Zombie,(Unique),Gas,"Head, Weapon",,,75,0,3,3,66,28,,10,2.8,0.9,8,0,0,0,0,0,1,2,70
Zombieee,(Unique),Gas,"Weapon, Accessory",,,70,0,14,3,63,26,,9,2.8,1,8,0,0,0,4,0,1,2,70
1st engineer Tully,(Elite),None,"Weapon, Accessory",,,35,0,13,21,41,28,,6,2,2.1,0,17,11,7,4,10,1,2,60
Abu,(Elite),None,"Body, Leg",,,35,0,27,27,42,26,,6,2.1,2.1,0,0,9,9,9,0,1,2,60
Ardent Stardancer,(Elite),None,"Leg, Weapon",,,31,0,16,30,40,48,,5,2.5,3,0,3,4,10,5,2,1,3,60
Baroness 'Bottle' Billie,(Elite),None,"Weapon, Accessory",,,41,0,22,33,47,30,,7,2.1,2,0,12,4,11,7,10,1,2,60
Big Football Fan,(Elite),None,"Body, Leg",,,25,0,7,21,32,17,,4,2.3,1.8,0,3,8,7,2,1,1,2,60
Cammy,(Elite),None,"Head, Body",,,24,0,21,26,32,16,,4,2,1.7,0,3,4,9,7,1,1,2,60
Candy,(Elite),None,"Body, Leg",,,19,0,23,23,26,13,,3,1.8,1.8,0,3,8,8,8,1,1,2,60
Chigs,(Elite),None,"Body, Weapon",,,30,0,18,18,36,23,,5,1.9,2.2,0,4,6,6,6,1,1,2,60
Da Qiao,(Elite),None,"Head, Body",,,24,0,21,24,31,17,,4,1.8,1.8,0,3,8,8,7,1,1,2,60
Drone436_Spark,(Elite),None,"Head, Weapon",,,35,0,10,30,42,25,,6,2,1.8,0,8,12,10,3,10,1,2,60
Eight-finger Pria,(Elite),None,"Weapon, Accessory",,,41,0,11,16,46,33,,7,2.2,2.4,0,18,4,5,3,10,1,2,60
Gong Fu girl,(Elite),None,"Body, Leg",,,30,0,10,13,35,22,,5,2,2,0,7,4,4,3,3,1,2,60
Gray Conductor,(Elite),None,"Head, Leg",,,24,0,24,40,33,18,,4,1.8,2,0,5,6,14,8,1,1,2,60
Infected Federation,(Elite),Gas,"Weapon, Accessory",,,62,0,23,3,57,17,,8,2.5,0.6,7,9,0,0,7.2,0,1,2,50
Infected Pirate,(Elite),Gas,"Weapon, Accessory",,,62,0,24,3,58,15,,8,2.7,0.5,7,0,3,0,7.4,0,1,2,50
Infected Qtarian,(Elite),Gas,"Weapon, Accessory",,,62,0,23,3,57,17,,8,2.6,0.6,7,0,8.5,0,7.2,0,1,2,50
Jane,(Elite),None,"Body, Leg",,,18,0,21,34,27,12,,3,1.7,1.7,0,3,4,12,7,1,1,2,60
Jemima,(Elite),None,"Head, Weapon",,,18,0,38,26,28,13,,3,1.7,1.7,0,3,9,9,13,3,1,2,60
Kent,(Elite),None,"Head, Leg",,,24,0,24,24,31,17,,4,1.8,1.8,0,7,8,8,8,1,1,2,60
Lieutenant Bellows,(Elite),None,"Leg, Weapon",,,35,0,30,16,42,24,,6,2.1,1.7,0,9,13,5,10,10,1,2,50
Linda,(Elite),None,"Head, Body",,,18,0,21,23,26,12,,3,1.7,1.7,0,3,4,8,7,1,1,2,60
Major Rust,(Elite),None,"Head, Weapon",,,41,0,11,33,48,30,,7,2.2,1.9,0,9,4,11,3,10,1,2,60
Mary,(Elite),None,"Head, Body",,,24,0,21,35,32,16,,4,1.7,1.7,0,3,12,12,7,1,1,2,60
Mikael Monnier,(Elite),None,"Head, Body",,,24,0,35,18,32,17,,4,1.8,1.8,0,7,7,6,12,1,1,2,60
Ming-Ye the Murderous,(Elite),None,"Leg, Weapon",,,35,0,33,16,43,24,,6,2.2,1.6,0,5,4,5,11,10,1,2,60
Monk,(Elite),None,"Head, Weapon",,,22,0,10,43,32,19,,4,1.4,2.1,0,1,3,15,3,1,1,2,60
Oren Marcus,(Elite),None,"Head, Body",,,29,0,30,24,36,21,,5,1.7,1.9,0,7,7,8,10,1,1,2,60
Private Brian,(Elite),None,"Body, Leg",,,30,0,24,7,38,20,,5,2.4,1.8,0,3,8,2,8,1,1,2,60
Rob,(Elite),None,"Body, Leg",,,29,0,36,24,37,20,,5,1.8,1.8,0,7,8,8,12,1,1,2,60
Sarah,(Elite),None,"Body, Leg",,,30,0,27,27,37,21,,5,2.1,1.8,0,10,9,9,9,3,1,2,60
Sir Leadfoot,(Elite),None,"Head, Weapon",,,35,0,10,13,39,25,,6,2,1.8,0,16,10,4,3,10,1,2,60
Vedran-12e 'Dogfighter',(Elite),None,"Leg, Weapon",,,35,0,36,16,43,25,,6,2.1,1.8,0,19,4,5,12,10,1,2,60
Xiao Qiao,(Elite),None,"Body, Weapon",,,24,0,21,24,31,17,,4,1.8,1.8,0,3,8,8,7,1,1,2,60
'Saucy' Maguire,(Common),None,"Leg, Weapon",,,35,0,13,16,39,23,,6,1.9,1.7,0,18,4,5,4,1,1,2,50
Alex,(Common),None,"Head, Body",,,23,0,7,12,29,19,,4,1.5,2.1,0,4,4,4,2,1,1,2,50
Awful Alex,(Common),None,"Leg, Weapon",,,35,0,10,16,39,23,,6,1.9,1.7,0,18,6,5,3,1,1,2,50
Boarder Droid I,(Common),Ultra Dismantle,,,,38,0,2,2,36,3,,6,2,0,3,0,0,0,0,25,1,1,0
Boarder Droid II,(Common),Ultra Dismantle,,,,44,0,2,2,44,12,,7,2.3,0,3,0,0,0,0,35,2,2,0
Boarder Droid III,(Common),Ultra Dismantle,,,,50,0,3,3,49,17,,8,2.5,0,4,0,0,0,0,40,2,2,0
Boarder Droid IV,(Common),Ultra Dismantle,,,,56,0,3,3,56,21,,9,3,0,4,0,0,0,0,45,2,2,0
Boarder Droid V,(Common),Ultra Dismantle,,,,64,0,3,3,64,30,,10,3.5,0,5,0,0,0,0,50,3,3,0
Boarder Droid VI,(Common),Ultra Dismantle,,,,75,0,4,4,74,37,,12,3.7,0,6,0,0,0,0,50,3,3,0
Bonnie Blacktooth,(Common),None,"Leg, Weapon",,,35,0,10,16,40,25,,6,1.9,1.9,0,18,4,5,3,1,1,2,50
Brito-Bot,(Common),Healing Rain,,,,24,0,2,2,32,21,,6,0.5,1,1,0,0,0,0,30,1,1,0
Burt the Terrible,(Common),None,"Leg, Weapon",,,35,0,10,16,39,23,,6,1.9,1.7,0,20,4,5,3,1,1,2,50
Cheng the Red,(Common),None,"Leg, Weapon",,,35,0,10,19,40,23,,6,1.9,1.7,0,18,4,6,3,1,1,2,50
Collins,(Common),None,"Head, Body",,,24,0,7,12,29,16,,4,1.7,1.7,0,3,4,4,2,1,1,2,50
Cross-eyed Mary,(Common),None,"Leg, Weapon",,,35,0,10,16,40,25,,6,1.9,1.9,0,18,4,5,3,1,1,2,50
Deadeye Diana,(Common),None,"Leg, Weapon",,,35,0,10,19,40,23,,6,1.9,1.7,0,18,4,6,3,1,1,2,50
Defender Droid I,(Common),Critical Strike,,,,0,0,8,8,49,19,,8,1.5,0.5,3,0,0,0,0,25,1,1,0
Defender Droid II,(Common),Critical Strike,,,,0,0,8,8,56,28,,9,1.8,0.5,3,0,0,0,0,35,2,2,0
Defender Droid III,(Common),Critical Strike,,,,0,0,10,10,63,33,,10,2,0.5,4,0,0,0,0,40,2,2,0
Defender Droid IV,(Common),Critical Strike,,,,0,0,11,11,73,41,,12,2.3,0.5,4,0,0,0,0,45,2,2,0
Defender Droid V,(Common),Critical Strike,,,,0,0,13,13,87,53,,14,2.5,0.5,5,0,0,0,0,50,3,3,0
Defender Droid VI,(Common),Critical Strike,,,,0,0,16,16,98,60,,16,2.7,0.5,6,0,0,0,0,50,3,3,0
Drama Llama,(Common),None,"Body, Leg",,,29,0,24,32,37,20,,5,1.8,1.8,0,8,7,11,8,1,1,2,50
Female Citizen,(Common),None,"Head, Body",,,24,0,18,18,31,18,,4,1.9,1.9,0,3,6,6,6,1,1,2,50
Fixer Silvertongue,(Common),None,"Leg, Weapon",,,35,0,10,16,40,25,,6,1.9,1.9,0,18,4,5,3,1,1,2,50
Ghostly Holo-Droid,(Common),Freeze,,,,24,0,6,6,32,30,,4,1,1.8,100,0,0,0,0,60,2,2,0
Handsome Michael,(Common),None,"Leg, Weapon",,,35,0,10,16,39,23,,6,1.9,1.7,0,18,6,5,3,1,1,2,50
Hulk,(Common),None,"Head, Body",,,17,0,23,18,25,9,,3,1.4,1.4,0,4,6,6,8,1,1,2,50
Infected Trey,(Common),None,"Head, Body",,,24,0,18,18,31,18,,4,1.9,1.9,0,3,6,6,6,1,1,2,50
Infected Victoria,(Common),None,"Head, Body",,,24,0,18,18,31,18,,4,1.9,1.9,0,3,6,6,6,1,1,2,50
Itsura,(Common),None,"Body, Leg",,,29,0,33,24,37,20,,5,1.8,1.8,0,7,8,8,11,1,1,2,50
Jacob-57a,(Common),None,"Leg, Weapon",,,35,0,10,16,40,23,,6,2.1,1.7,0,18,4,5,3,1,1,2,50
Jake,(Common),None,"Head, Body",,,23,0,7,12,29,18,,4,1.6,1.9,0,3,4,4,2,1,1,2,50
Katie-8 'Hammerhead',(Common),None,"Leg, Weapon",,,35,0,10,16,40,25,,6,1.9,1.9,0,18,4,5,3,1,1,2,50
Kevin,(Common),None,"Body, Leg",,,17,0,18,18,24,9,,3,1.4,1.4,0,4,8,6,6,1,1,2,50
Kevin Kruel,(Common),None,"Leg, Weapon",,,35,0,10,16,40,23,,6,2.1,1.7,0,18,4,5,3,1,1,2,50
Larry,(Common),None,"Head, Body",,,23,0,7,12,29,17,,4,1.6,1.8,0,3,4,4,2,1,1,2,50
Leela,(Common),None,"Leg, Weapon",,,24,0,12,21,31,17,,4,1.8,1.8,0,16,4,7,4,1,1,2,50
Lin,(Common),None,"Body, Leg",,,19,0,18,18,25,8,,3,1.8,1.3,0,4,6,6,6,1,1,2,50
Mabel Mayhem,(Common),None,"Leg, Weapon",,,35,0,13,16,39,23,,6,1.9,1.7,0,18,4,5,4,1,1,2,50
Male Civilian,(Common),None,"Head, Body",,,24,0,18,18,31,18,,4,1.9,1.9,0,3,6,6,6,1,1,2,50
Michelle,(Common),None,"Head, Body",,,17,0,18,23,25,9,,3,1.4,1.4,0,4,6,8,6,1,1,2,50
Mini Droid I,(Common),Critical Strike,,,,6,0,4,4,18,5,,2,0.5,0.5,2,0,0,0,0,50,2,2,0
Mini Droid II,(Common),Critical Strike,,,,14,0,6,6,24,10,,3,0.6,0.6,3,0,0,0,0,50,2,2,0
Mini Droid III,(Common),Critical Strike,,,,20,0,6,6,29,15,,4,0.7,0.7,3,0,0,0,0,50,2,2,0
Monica,(Common),None,"Head, Body",,,17,0,18,18,24,13,,3,1.4,1.8,0,4,6,6,6,1,1,2,50
Peter,(Common),None,"Head, Body",,,23,0,7,12,29,18,,4,1.6,2,0,3,4,4,2,1,1,2,50
Sally Smelter,(Common),None,"Leg, Weapon",,,35,0,13,16,39,23,,6,1.9,1.7,0,18,4,5,4,1,1,2,50
Serial25 - Bookworm,(Common),None,"Leg, Weapon",,,35,0,10,16,39,23,,6,1.9,1.7,0,18,6,5,3,1,1,2,50
Service Droid I,(Common),Healing Rain,,,,3,0,1,1,14,7,,2,0.5,1,1,0,0,0,0,30,1,1,0
Service Droid II,(Common),Healing Rain,,,,8,0,2,2,21,20,,3,0.5,1.2,2,0,0,0,0,40,2,2,0
Service Droid III,(Common),Healing Rain,,,,14,0,3,3,27,30,,4,0.5,1.5,3,0,0,0,0,50,2,2,0
Service Droid IV,(Common),Healing Rain,,,,19,0,4,4,32,39,,5,0.5,1.8,4,0,0,0,0,60,2,2,0
Service Droid V,(Common),Healing Rain,,,,24,0,5,5,39,52,,6,0.5,2,5,0,0,0,0,75,3,3,0
Service Droid VI,(Common),Healing Rain,,,,35,0,6,6,47,61,,7,1,2.5,6,0,0,0,0,80,3,3,0
Skully,(Common),None,"Head, Body",,,24,0,7,12,30,18,,4,1.8,1.9,0,3,4,4,2,1,1,2,50
Steve,(Common),None,"Head, Body",,,22,0,18,18,28,13,,4,1.4,1.4,0,3,6,6,6,1,1,2,50
Tina,(Common),None,"Body, Leg",,,18,0,21,23,26,12,,3,1.7,1.7,0,3,8,8,7,1,1,2,50
Tom no.3,(Common),None,"Leg, Weapon",,,35,0,10,16,40,23,,6,2.1,1.7,0,18,4,5,3,1,1,2,50
Tran,(Common),None,"Head, Body",,,24,0,7,12,30,19,,4,1.8,2.1,0,3,4,4,2,1,1,2,50
Vit the Idiot,(Common),None,"Leg, Weapon",,,35,0,10,16,39,23,,6,1.9,1.7,0,20,4,5,3,1,1,2,50
Whats-his-name,(Common),None,"Leg, Weapon",,,35,0,10,16,39,23,,6,1.9,1.7,0,20,4,5,3,1,1,2,50
Zongzi Droid,(Common),First Aid,,,,38,0,4,4,43,34,,7,1,1.2,3,0,0,0,0,30,2,2,0
